libmagic.so.1.0.0,libc-2.27.so,libz.so.1.2.11
524,677,521
524,677,521
524,677,521
524,677,521
524,677,521
524,677,521
524,677,521
524,677,521
524,677,521
524,677,521
524,677,521
524,677,521
524,677,521
524,677,521
524,677,521
524,677,521
524,677,521
524,677,521
524,677,521
524,677,521
524,677,521
524,677,521
524,677,521
524,677,521
524,677,521
524,677,521
524,677,521
524,677,521
524,677,521
524,677,521
524,677,521
524,677,521
524,677,521
524,677,521
524,677,521
524,677,521
524,677,521
524,677,521
524,677,521
524,677,521
524,677,521
524,677,521
524,677,521
524,677,521
524,677,521
524,677,521
524,677,521
524,677,521
524,677,521
524,677,521
524,677,521
524,677,521
524,677,521
524,677,521
524,677,521
524,677,521
524,677,521
524,677,521
524,677,521
524,677,521
524,677,521
524,677,521
524,677,521
524,677,521
524,677,521
524,677,521
524,677,521
524,677,521
524,677,521
524,677,521
524,677,521
524,677,521
524,677,521
524,677,521
524,677,521
524,677,521
524,677,521
524,677,521
524,677,521
524,677,521
524,677,521
524,677,521
524,677,521
524,677,521
524,677,521
524,677,521
524,677,521
524,677,521
524,677,521
524,677,521
524,677,521
524,677,521
524,677,521
524,677,521
524,677,521
524,677,521
524,677,521
524,677,521
524,677,521
524,677,521
524,677,521
524,677,521
524,677,521
524,677,521
524,677,521
524,677,521
524,677,521
524,677,521
524,677,521
524,677,521
524,677,521
524,677,521
524,677,521
524,677,521
524,677,521
524,677,521
524,677,521
524,677,521
524,677,521
524,677,521
524,677,521
524,677,521
524,677,521
524,677,521
524,677,521
524,677,521
524,677,521
524,677,521
524,677,521
524,677,521
524,677,521
524,677,521
524,677,521
546,677,542
546,677,542
546,677,542
546,677,542
546,677,542
546,677,542
546,677,542
546,677,542
546,677,542
546,677,542
546,677,542
546,677,542
546,677,542
524,677,521
524,677,521
524,677,521
524,677,521
524,677,521
524,677,521
524,677,521
524,677,521
524,677,521
524,677,521
524,677,521
524,677,521
524,677,521
524,677,521
524,677,521
524,677,521
524,677,521
524,677,521
524,677,521
524,677,521
525.7228916,677,522.6445783
